0,0,1,2,3,4,5
144,770.525345023034,500.4448547276765,61.359359547408836,-15.259489852761016,-39.296638669274145,13.722458582941572
0,23.35344178321097,-98.96961152776933,-298.6692165460116,-78.93239659693312,24.179354266086644,-24.413883599658526
0,-733.2428425187519,-12.401835636047458,-93.6160444426833,-15.709480141824645,53.633948642059664,26.971307452407867
0,588.2581972685846,-63.85517244659724,-34.43240173442798,-19.46904314897299,-42.89307516452184,-3.4375249954246097
0,-46.96252827100442,196.75249919501897,-190.9923063160994,123.41253506307753,110.88046950404636,15.145316831143369
1,11.06889245454977,-141.2194933113733,1.5472075576774122,22.548208942828857,5.213781928701414,6.0416312990504055
1,210.00974047488063,-65.91589483562869,-43.050455862743654,-7.04859284020354,-14.8053758821815,-2.252185929476308
0,654.2941303813639,-119.87974238923398,-97.40248408957449,132.03444769429674,174.38865548560142,190.83276400267508
0,-697.5575465114031,31.11600750032495,129.01422874445606,-16.020784291642983,7.977866240129032,1.707918402995266
0,39.40686184485287,35.04379748899336,6.1331339608054884,-22.328742720352235,-104.20484780565948,36.83556784192904
1,-355.24497153713287,39.92412554638101,53.466273710889496,-18.335590112591767,-10.737012431471598,25.90693518965035
0,-61.044366068515394,129.7943461223506,187.3505351278371,-8.178622206956343,-41.48280633297466,93.58346297316793
0,-263.7716731208916,-198.34041760713163,-304.2948936925919,-159.96942028184614,-30.831462325336293,-11.355037005025721
1,235.6636863988096,-72.24821589190033,-156.53455830118747,8.138262806485134,-28.98144681736553,-7.555867891321887
0,108.04346971817115,-84.66620352062009,18.518130038973414,-41.396729884766806,19.32049018483842,-61.405104667779426
0,-786.5683375074967,38.257102744969615,-153.21578420483195,90.29802881751209,-74.28474922987746,21.88507117061255
1,735.0112552354568,207.1604905135412,413.5484584987971,205.86011052223358,70.41550646254906,92.8560826082561
0,-843.8878509643729,-33.05085931601569,26.13135669971028,-11.653979861533955,26.843415267812926,6.083441134135138
1,77.15520962090095,-56.542281928347556,28.919351596147784,-15.615022544526115,-17.215539007935586,8.978019748194717
1,92.99434974920948,-72.5526421390298,-31.168145174615876,28.78604851549509,-36.98117163066508,8.436516120800247
0,-560.6017401732938,244.01478108224833,-232.1602195216731,94.99142215042622,-73.96553667207014,21.538909943342773
0,-239.70566947060618,195.21903810948368,-57.86776925637412,177.68742161243324,-24.35826989946737,99.70217491279949
0,-619.8948420720753,-0.14559255719168204,-107.57272988955543,-23.46079890595322,12.041466894657317,1.6027198057047396
1,-271.9862235869,-77.16430562001322,-67.37133791236386,-14.189350593735195,14.751528163385371,-4.941177952530086
1,464.02452291809743,368.59842205344444,-255.47397084033932,-142.85351994513564,26.31713328522929,-197.48600064597164
1,180.14359804851773,-132.92836874370315,-22.896399338115344,-24.081642179067778,-7.673926205302529,-8.965814090978201
1,573.0936187834593,-119.72397589222824,-56.52337875992407,-12.617845999016476,-48.53498890583118,12.677239823742084
1,535.4851937015379,-70.85223263820579,-116.76891892917546,-151.84727274310708,25.22187883697796,-57.29551694514039
0,-146.13279775755976,-48.17563433199742,134.243696735091,-20.546796599209262,-20.623071659909044,8.97799272274562
1,149.95903938474896,-166.48423024639513,48.796851809389324,-7.99993843369831,-8.555535220960378,-14.711067583016224
0,483.1209360790599,-170.05541978313727,-10.65185931945319,23.347502912628805,-72.16638273638803,33.14941631080638
1,-113.28059792885831,-9.70599820096111,-159.29369425487613,-34.58120829618237,-21.588609087883803,-11.822115907958223
0,-985.6868180355495,22.590870322591748,-34.17040435326848,12.543635823144058,39.13630636755456,2.979703150275217
0,-183.64589012445617,275.4972414142453,158.58596229053964,-52.95644000696408,-32.16092102085091,58.415224904896995
0,27.450541905975342,-106.52328467492406,8.131915953949857,29.678092116608216,4.090042187789023,-47.68583686282338
1,-604.9580497960159,-35.63223916214119,0.8685176045530801,15.958309159003102,22.458645570718627,8.885033500422868
0,496.4694735849964,-34.78826854046564,-339.2985353910805,-134.42956998559902,-43.2451338441626,-47.766991914056334
0,868.2726012403083,340.9728827330576,-103.30723966179853,-164.37571116574964,64.91041158292775,-90.75527519213652
1,437.45196338246734,-177.36002281483005,173.93561273413013,146.61564105981842,-97.30822004664397,-23.4694855502887
1,824.3720399550788,96.50259624768826,15.552745340582332,-28.036560485792542,5.57885462953841,-7.581988857587065
1,-53.2973218219747,-132.87046990924392,1.609407898823134,-51.59627364037806,12.37797652189241,-23.818546154604423
1,1000.8550816940042,33.4895221030322,74.8507744540331,-81.49940519055632,-3.4585361952340485,-30.70217771203444
1,778.8888752997531,-41.33465449181907,-112.81885703254497,-63.314303635785414,-74.83882593006751,-5.13574539893031
1,873.662332065851,85.96802282357235,63.05888435675239,12.684898883506815,34.15872949479503,-97.65585816891998
0,218.52441113168223,5.645256499696452,217.29585229177505,222.12885620959725,83.36632424904198,106.84391177503791
1,870.1063895175793,-93.96489033505303,-15.725103901209641,-99.83726239615063,74.54108664911095,51.310332206321924
1,-272.44996165325824,-40.70655103003961,-4.416323696072139,15.414958459907181,13.346552674836984,9.675813420219882
0,-321.69533712805776,288.3667191418741,134.98455440835593,-269.9888804277025,52.40887511962545,145.36089555285764
0,-220.70283439071233,-83.01751932236218,-24.37878299825823,34.20560713907031,16.75090408559392,5.608372433689605
0,175.74754583248782,-38.23674238884932,6.317480328344307,-19.873830629629396,-5.664920309373364,-2.9938079690122863
0,-208.4875399632631,190.17713596633274,-14.309763488326007,-41.79296124629397,-29.07145009186697,0.629976240740565
0,-514.9447526752865,-84.2346720061281,36.4262807194925,-82.25784935496856,-26.237432704150883,32.702289106315355
0,-417.732217907458,-219.20585143398733,-166.13106792061566,-50.79822293777086,-68.8087644228262,-161.0283850072503
1,-13.771481820942661,-67.82153925534024,-45.52788855504852,-27.247581852198426,3.8800869780087153,-19.492726102778622
0,-159.60852740826576,77.23526391893624,181.29130899708906,-209.3539817234421,28.21211256076595,-59.095268297042544
0,133.55382963824863,-84.4369480105309,-167.03310557302737,22.068185625067038,108.3413564528458,60.70076435965101
1,-81.67918956387267,200.34445472751835,137.90129301178524,-50.050151947899465,-24.157977563221877,13.833224451683641
0,-520.2590230099299,-76.76099404591452,106.86117865944526,110.43090417467798,96.5532424343408,60.690593749082474
0,483.0682558405718,-212.70100682523625,74.41677262988584,138.00958706485244,-5.01669900855787,17.15671158760657
1,-73.10964508457029,-94.39890889348226,-58.124127719052154,14.217551351244692,-8.415836791877211,-2.320565735204264
0,-270.58673464459173,-137.86801895794085,18.16113444012952,2.2689673241129076,20.802111822890915,-39.61864684287505
0,-619.0334304281491,-62.501760530199306,27.57608572292696,-8.138537054865248,18.63069068305398,-5.515828980796192
1,-393.7889444527226,3.975073547407985,-32.28656010570024,-14.306801753124551,-19.47802368000328,6.993592464347041
0,-114.95051660526047,283.3809714530016,-345.16820218553846,110.68783369444293,-141.13522159281118,50.07067033959152
1,-53.98168702648813,364.06376033506626,-201.3945744632482,-19.26841483669829,-71.0577216295376,66.2466295712684
0,118.18021526524683,-127.96579814795474,-2.6693111842788295,-37.46694905888004,-4.940588966266469,-0.20594990020207074
1,204.95631271861765,-100.46464604670639,28.13598808191859,-8.208392952997828,-35.37567532788655,31.821351229406996
0,-532.4247860014642,-55.318280682727604,-95.42093441059426,-20.65543921303326,6.374612270527368,-11.526670290736327
1,34.51147288491848,-53.50463751265817,-141.6742716471992,-6.042511296504195,-20.284008106422785,-16.215760725583458
0,395.987408252179,179.73842966857518,430.926254727949,65.4863156291428,-2.7979374834039468,6.50982499882979
0,-535.9796156862478,168.67248053656814,74.06663546862215,-42.047024503534715,15.09067818754217,29.879131051170518
0,-24.62800079331696,-105.89623362852491,61.20623758993775,139.80979623345695,66.92699720727181,43.224496883764616
1,325.4484363963862,-65.4228211476683,62.119068296331,65.0315551824927,41.981922180558236,38.23444719995239
0,-957.9972224415953,-58.19188385640273,2.7500164679977073,17.607897665527908,55.68532334007784,-9.025675126542692
1,-520.2683622101945,-41.52846942738288,25.638932653642474,-18.564150650934888,16.805722561351867,-10.269033392986234
1,87.40469967410924,-194.68797504985693,54.87650169954369,14.028303805159565,-15.698658181391462,-5.146958917495259
0,325.8910022144758,-134.72503434236515,-21.340151332093416,34.92745086432512,-35.66442223451423,3.576569221748562
1,236.2448992720008,13.308787983603024,-83.12745485176812,9.009466174173237,-57.231165999168844,25.066606882368553
0,581.6993643955855,-312.28528035715163,143.90364805875996,82.36618195722785,-103.6146569310653,45.63878509782813
0,-388.08856001696796,36.46810242216788,61.59458611915328,-44.576130964950195,9.262005603652364,-11.874435968553883
1,89.66317128879393,-88.49856267665807,-8.99697679629926,67.0528997112713,-2.4558635799634283,-7.607076211244866
1,134.81021404644108,-31.950230060817674,13.079601898398906,-9.87207864597367,17.69406339218826,-0.9484299153065788
1,-444.98337492289187,-31.874808000276772,33.23903223062037,-22.88445041986114,34.56692679462069,-4.194277676839122
1,183.98507933075538,-84.94390896385612,3.425855887490864,19.57183601805962,-16.994533526391443,29.416613331689025
1,-106.71776712350605,-45.08535346841695,66.14622788574357,1.2342571245630467,14.2206596794582,7.765363424787337
1,-422.7400779070941,-12.189221034588876,-58.008251841766224,8.222650657069153,-1.0080367396584775,3.047502709424914
1,-252.32223988552232,22.3743166650637,75.18989095552037,7.035583744740237,149.9226182450285,-137.17725333793157
1,227.5841384780847,-156.66464847279227,-11.25484572775867,64.1083415860723,8.7047092986155,7.44603413783838
0,779.7552374774676,-343.2285698991209,-126.732870655899,13.239987021452205,-49.62881385828724,32.31431842705765
0,296.39108173051375,-90.60214444149071,-114.49416872030501,28.11740358491673,-38.83206052740303,-29.32161741358659
0,-569.6759762976692,-86.87956962082318,65.48528964694688,56.54004375104658,15.137929785942669,-27.73015270435941
1,556.9222551241595,-99.59835841410244,-75.2201157446151,-23.418131771212057,-38.266702509042624,1.7864079002176978
1,-555.0810023983922,79.78176020481288,-37.84881638025304,47.96278609521792,-45.69492302324039,50.849672090743226
0,53.64080479542891,343.87821450943653,-110.49354875379545,-75.59337263982275,-84.90225761402344,77.10231918886954
0,-753.2032088742806,-145.30041229675498,-54.966629739688315,-65.19757948107691,-14.018111575729343,2.295888405697874
0,742.3829857475622,137.83454420037586,-257.1400631362893,-43.26946433083659,334.319583108532,332.9978934686298
0,313.947718321042,235.9458942596175,-452.3000534047343,75.20367111503815,75.9985060138325,107.11373368836156
0,409.7488330877228,-154.84023628757578,-3.8088344052441685,-42.656384976433685,-114.27817698526394,92.2492251620572
0,-794.9933244332013,-40.15296954331208,92.33470278014202,12.194771772604895,45.07474829928607,-18.702719860732138
1,296.27968915924987,184.44059370516948,-46.057466844722995,38.31834213050775,-98.02541787617045,56.24835113934454
1,838.7053043399175,99.58156074307855,-27.207965378315215,129.00268428739446,-19.324833924816335,37.4477669318397
0,157.93409665635673,-160.99262551413733,14.394717425257362,37.68927444017533,-19.052032623439576,-31.86475024954769
0,462.58111523031687,-307.85302248899364,146.9504918157789,72.62347824273176,-134.17636737060315,136.30089731237783
0,178.0584545507247,-63.184112230801595,191.64583337462193,-49.862994706254014,-3.3443779029239593,43.33556821846359
1,635.93177756193,197.38911376591776,-358.73770888188693,61.5201776424679,-55.24768664619794,21.73953193690948
1,170.06470429001627,-176.42835595059518,-6.854936979021706,0.1826949883825575,-10.99841797487682,-10.772371987751137
0,217.06918272171052,379.5737032618517,142.67563149868568,-16.376904620660447,307.35094390560806,-86.7144420444885
0,-279.0802481854151,-108.44198536188757,183.41082097207686,66.03457097657368,5.894517706971093,-37.91860006361895
1,-304.36473624162255,46.3301259551842,-34.35245040310255,7.43719441418411,-4.726822707681636,15.63984601008374
1,648.3691838275383,-59.621108345031494,6.853955363769398,-0.48889486609577787,-33.525914634343515,4.503335383639224
0,241.2934410841631,-76.88227038678569,67.98131448538561,-61.23295229825557,26.3443247053059,-46.07465884551853
1,122.7316939703608,-94.29268457536652,-1.1406415196227049,13.263406650907868,-24.081054947393355,1.624475191593028
1,-443.94458239899586,-9.713593173651796,-35.56756323704443,-12.393453374663794,26.024175138565017,2.819022952266827
0,-160.87645943993667,-71.11162960454357,64.38766308800682,-2.466346070439193,32.59766364030664,9.05623192194079
1,335.69684297864586,259.4295840803947,-202.80387046119722,8.68714569683002,-61.37996176801723,64.64684059448336
0,766.6670250343212,-192.95996983664114,61.35483074776029,175.74306271752863,60.80906826989364,52.63620498651021
0,-930.6602153584623,-27.477766603499052,-14.524865464793166,-0.536090738504595,41.82210488828536,-8.433733916636607
1,258.67983312980124,-22.92922063348793,-42.677706870756886,-76.20017432260859,39.48268370641564,-34.40671147311411
0,99.2081722363222,-143.69725802625874,297.30285871455476,8.36808512614538,-36.11130993462401,-3.7407785000857317
1,210.7140527519825,25.15692860258954,114.30578031145987,-45.327372661573094,-43.97296878145099,-24.73749042233939
0,-266.5909052007711,-42.50497784628362,-122.4877698860939,11.770997902615376,57.93088748493403,64.50875027026902
1,-439.21111119593917,51.579717929461786,-41.063417730961085,10.317301052118424,14.890988231905474,-9.61933923939676
1,500.6685514620059,-142.19904484170652,56.156256512108605,-22.129350069877663,-56.55306427219373,51.01781579136612
0,-471.94169148454216,-110.54248701074204,-8.875168242765676,1.910196718716763,27.483056670959858,-13.679554674857672
1,46.191706099656265,-101.11587391620358,-60.099809972696015,2.4000674152902337,-6.181100307607249,-3.2374430901262667
1,86.81136401229165,-123.97852901156953,-104.26431552185626,-66.90200720450429,15.014094741871814,10.729097826393414
1,-288.92571714394796,-53.249045597334835,25.79221423759166,-6.042293112763396,5.1596588751524655,-5.005822949264906
0,861.9103325950517,-28.34894667525958,-101.46281802022217,-197.05195789781115,78.70643458622753,8.33958359709764
0,-794.705798733491,-61.88027327651321,77.85607157418809,12.99684776306355,21.385001215117764,12.180442713834372
1,583.834716166518,-87.36425028785274,-0.6971882534297654,-23.636771981223138,-29.084503815120932,4.2822743985881155
0,108.83571700842931,-131.3943956891352,180.42619255085228,52.40723313416291,-33.1427958049064,8.486661241565193
1,435.9889354926775,-116.82503259731854,-66.01534070235274,-16.579393249862033,-24.113562816148523,-13.084227102152187
1,1100.665811232159,-170.77520897940727,72.86388085014175,-115.40347145282641,-13.111261609973687,14.565352173053506
0,-15.432253083392807,-66.03977829040346,-69.23674209152854,-26.1154460804266,-7.433760456902126,9.235755654337392
1,-279.1443961794754,0.6598613135869131,72.95594681870395,12.034008325957288,14.840744354098353,-1.005946139968411
0,-609.4865752645078,228.17977125021375,-147.62937555376936,116.45976392257347,86.82227173853235,-88.61919044254614
1,-10.880032957202639,-152.89524715937452,-12.650888409785562,18.571680828408994,8.945714668028979,-32.705913503157475
1,-208.49584478351647,-93.77934831412848,74.97670211179643,-11.956033894551044,18.564859376542305,1.428701479205249
0,-365.8378615236821,-140.3710794067482,-12.69471098405768,23.91123155805409,66.19479422781878,-105.40426192995812
1,-604.1997923702926,-30.480699936106834,18.01679194497974,10.746216322179768,17.851802239321987,2.754344345213069
0,-728.7386713218868,-58.7137202647538,2.265407251604104,22.954509628914103,31.58427956961654,-6.385852180788044
0,-395.92262068416466,-124.99791990152704,-58.39661886923424,-17.002362210804023,4.803970368622404,7.755617501611941
1,393.07423407415155,-38.71027294364824,22.562723027618866,-4.923096962173124,-10.029835539208165,11.184123529680663
0,35.593853754048176,211.2300619726483,-146.66741308391403,97.58429135753686,206.79154880734026,37.84325818115022
0,355.9971650613727,-133.58594707596978,24.86405063416971,121.10793950527267,94.48557714350977,-46.12925984394078
0,-327.0769680017959,-118.58537799678777,21.79194424719752,3.6101693915326027,27.40847193207505,-8.979881095800117
0,45.9502706625023,-37.28879763536701,29.42302342208979,12.126978064095695,-11.6417878228233,-6.066187089206479
0,-524.6642710721346,55.63453732029063,53.739998598880725,-24.006031627496903,12.68407646968447,15.99402154708721
1,-281.50372323320585,176.99162504781467,-117.37287521983733,-36.99615142281222,-33.61867740094762,88.36328454381498
0,-319.2007017753904,24.511088011268466,-183.3910172964374,17.436363021465716,-21.5677085804926,-7.954558307329882
0,277.4289299473401,100.79766891557253,-263.94903479540494,-57.79381191451792,40.31221313739892,34.63007081100939
1,-186.94844293330738,-76.15304664741477,-10.268649294516717,-23.24375667278611,1.747049094217679,31.42117050855516
0,-835.2074083709151,-1.765809939768899,-37.65020279852399,15.513749975438603,28.869560975496643,-8.101470046264966
1,-251.65440598172958,-125.9827780391263,1.0597211304506755,2.1225460524672504,6.7518946699210245,27.85076506159808
0,-130.90762128662203,-45.66201122228938,-178.12752128830354,9.889092345580648,-70.43188048831274,-58.09592589532032
0,-746.3111095046662,9.362586148654492,-44.05503084298877,23.700791806569296,13.424836692060572,-5.424672222249948
1,-287.8557394493,30.943533129811307,97.28744651357043,-26.71525299416726,1.6816161987946603,4.799523022353964
0,-223.89504380389494,-58.63508774001013,280.25691227806794,51.94704472549182,50.92132899019764,25.416457360578402
0,-167.8107651808992,-113.87583934906614,-244.4923161638118,-14.968623216960294,-121.41294825561131,-105.6448576322737
0,392.2949540332846,122.31402027555733,28.805440412070443,182.91967029091174,239.42941524022999,64.89819573520177
1,-468.5878013526102,-29.255783883102648,20.613593134530326,-1.3859230576580372,6.746342369686204,-5.130750973509296
1,-372.9801112524053,-46.866329713720134,67.15424701890953,-10.101023828593826,-0.681113955729946,-0.7449515471584802
0,-263.61630520272996,-77.73683209258218,74.73661903324296,10.068935888082635,22.66377640439771,-16.02377792844443
1,-362.9669007001797,11.425246072684828,-6.407062636729783,5.249404199989007,25.012235651380283,0.502443237050713
1,-135.04030389279364,323.1238694459469,-19.965432132039922,1.8413813003539719,-63.9775451385517,41.37677745033524
0,-783.9016665635696,136.14250417091696,-147.95823287723434,68.73443561466874,-44.94226204902984,21.04888248504082
1,573.4181378702648,150.70527502878895,-38.00625933699763,26.740866475717173,17.986572535487166,-93.18829158501597
0,12.145985560366054,-98.55930958041668,47.88161588223087,0.626498438564831,20.229168764906593,-29.477797385157757
1,-315.80919617651125,120.64157000676273,108.99380187813337,-38.628995734681915,-35.43188137743937,31.742491462725674
1,337.5154410253197,-54.056102751082236,31.368586022363406,-6.90338608463415,-26.683795196992723,13.515216783434417
0,339.9717876084363,-105.77256943652412,-154.93716278392057,71.50071273476502,-10.668097800992848,-59.25330368816398
0,-635.725031862583,-64.87924086544412,15.651166528277763,7.728728890437281,27.60389526039681,-12.167011373427357
1,150.99286355617636,-46.03691519348731,3.235070861659577,-17.725267145819103,-2.0719243097235416,1.6910871366211802
1,-349.6892450868204,22.141547280217928,-29.72262331263414,-20.00702399440686,29.400715640665013,4.724287395053624
0,575.7978372373883,-216.24844561594526,113.28297631098272,46.37184005672231,-145.95382896199206,110.73422528083996
0,-660.8802816658489,-89.5467245146936,-34.99230862672057,-15.152940451256006,-10.908219663026465,-0.38470615742123965
1,-522.8532092341093,74.44875972525952,85.80713049824183,-29.245818392593776,-25.007528262185918,18.01651000771849
1,410.5468471739126,-25.010084951857042,-126.40830285885777,0.06242930504479637,-4.775598799586464,-3.5121075814852833
0,-14.331435155213827,-57.27968962585729,169.73387678642476,38.36629279469995,10.685125194641898,-34.81423044757357
0,643.6060759069854,176.48771793103916,-165.23399567529864,-240.93011536775867,287.85138225406865,222.41505892618198
0,-869.715055378787,-22.886483539703665,11.487991303491821,15.066093214997554,26.811025374993786,0.715577798645712
1,528.2080870477794,17.328448095364692,-25.5613564852596,-190.92953827276114,159.02135483781325,-24.621534276217833
1,-441.41010510050285,-60.2677880493788,45.310589041870195,-28.226698249667642,21.85449518884776,-22.09074565037512
0,-221.37671254261326,237.03907917616053,9.220973055867018,215.61663991587312,-18.275192180079895,100.56353281773589
0,-392.8310194517285,-2.6595073221777095,-262.06017344879047,20.845292277028967,-99.20483971895945,-117.30074209944705
0,-363.95162710453155,-283.1738173049746,-13.934655695093257,24.12578650386706,40.83486630501563,123.69779538871333
1,708.9873083848323,-171.4866368193403,-35.550541817063575,17.6509348004105,-56.61185665812582,-16.57664950298371
0,475.2295765229385,1.3961114914267327,19.960692161178947,7.226674682634839,107.04356970996163,-251.7079894326977
0,-628.2672882447471,-210.33782322882965,-80.73118616027446,-51.378140343626356,8.451517124014396,19.957049649711827
0,-434.2450777562666,196.8715567828279,-222.62222723710343,-38.85797346745187,-1.595513928879773,-41.80931503279295
0,704.2430877883543,534.0425448587207,387.7719608118516,185.34398856961957,-27.70038818503822,-28.038277551077044
1,65.12189267758532,343.4845155640156,-251.90281956120103,-39.88787774265855,-36.38929639073258,-22.570928046215975
1,326.2137130747271,-22.411522702305156,12.288350516956937,-11.049641561057093,0.44818470331640753,11.115480242021198
0,-832.7907819750433,-22.06055710763321,-23.5802449151017,-4.885099085404203,36.26683489980599,0.16540731079961987
0,99.7794886824107,-120.26596798668669,317.95882968122703,-7.6746754629711145,-16.833579998183758,-31.287139739963962
1,415.1498371855424,72.3458683001271,-79.30771229627534,60.3261929424808,-10.015049936661542,26.32954372114937
0,686.029945048383,507.75109361360444,9.91451285176502,-4.335510281922989,-95.07034617201964,90.63223361802952
1,324.0006690922176,-119.22421687171638,16.903866449113874,16.058463159971254,-36.01682284863082,6.168694991765454
1,-507.7330599834383,-5.225725380762497,-9.827875515402662,1.3340883382242072,13.82996877482821,0.048625092046592176
0,982.5943061903419,-195.68080854748,-41.549922537440914,-35.3524644462252,-97.26528932514867,51.657567871988334
1,525.6655742068302,-45.70506514977031,12.37094239464488,-176.77203007703974,83.13647908828149,-10.408768522629261
0,103.85989065322865,169.4550425021412,567.8349798193017,-148.6240778595605,-65.46899990023013,-81.5342050227928
1,1138.59292933848,287.2024569217722,-70.20163936782926,-21.379639424988902,24.86454213614252,-108.26060600926208
0,-149.3610395982032,467.94769395651736,148.35886950888704,-84.60283157476204,-84.4891707747702,146.79280117543033
0,-470.9544840468991,436.55754826032467,-95.66038975323622,94.43082380029132,-95.24519548545665,103.85000893114535
0,-592.2244997805095,109.9003958706958,167.51551309524956,-109.00411105257969,-27.639888701783796,33.58618476033849
1,871.7348769005835,-87.24533821760299,-107.69622700998588,103.05847292786886,-23.55028829370969,-93.27811008776345
0,115.4178934862948,152.3223286045472,341.85769458875114,-41.67954738610383,-47.643078901705486,-31.90662052325958
0,737.0617990514365,-200.2442560543187,30.08885691729642,153.6031639663631,29.75181609329711,-87.20225799532601
1,-139.0285578105336,-73.32663564600114,-77.11479564028544,16.19042092950444,-6.1979787227208165,-11.46717976810283
0,-433.6169327666448,-30.705118527078753,19.85097495797283,15.132543810208798,50.581412315199216,21.566687915437463
1,-85.07435517538062,95.7853577592132,146.60927461608273,-52.05971685195962,39.91332361672703,61.76191311354016
1,720.1304805679908,-112.85307738965601,22.088841427256064,1.98163389603474,-38.19172798988294,10.859646217316905
0,524.6218949315099,-219.46866464110857,-145.3097514314094,-2.8264960624437276,-31.11577829328288,3.6278305502824044
1,407.188030908594,2.036261655325239,260.721264213078,-167.78122641372758,-28.87666500182595,-50.237595311346205
1,358.4990168358193,-44.54686643179414,-2.0771478756927055,48.28393553536406,15.97720659681936,30.354730474539384
0,717.9323246839501,-230.42277728638675,108.67012729269958,-37.640386047575866,-39.06200799310358,20.740775768776025
1,458.3091756665497,-59.88622274518476,-47.971910155252345,-19.882689611463526,-33.873520299701276,-9.050973629812297
1,-303.27599916542374,-96.89355610375243,-65.90306244161256,-17.610567940320855,-12.883435519143422,-1.8552965893116324
1,-104.61215906609699,-28.00553506670967,59.84357299518125,-20.414980161911412,0.04033604694641963,-15.954006487758859
1,-458.3570352632,116.54346622463288,44.191872863294826,-33.727870901609805,-10.66354629270738,38.59563483437148
0,-536.0430578400803,260.3771524231528,-31.826433318248956,58.01157293265789,-10.598360927862085,-62.49261805894811
0,830.8880283729278,-99.43783521204281,-270.5123457775841,108.12497709413563,249.9761866047155,220.39283798542044
1,639.037339966125,305.39541967527936,2.0086183985413584,6.262329000752268,184.86257340946133,-140.55701530198925
0,183.26349282464673,-108.3193828275107,-46.85411723110253,44.99691381228616,-1.9265272521484988,18.054035923349222
0,-592.3600156043332,-78.99378748696782,52.30819158972087,-32.629645709342,39.25029917131654,-30.486308728766822
0,448.38540484364296,-236.69611965605094,85.54679488485809,38.28497925202437,-88.12075165234025,63.38660367398689
0,208.1327124271055,-83.1380723259485,-83.49886916426547,-0.7203292848444272,-45.98841908165833,15.752850198084294
1,729.2120507545441,50.27199367256859,19.25140941429238,115.66355430762229,10.374396538343495,-69.14271468832752
1,198.34903483916693,-51.8154933702903,64.63965198877227,-6.2951326011991355,-31.562005200640186,8.220490660931553
0,154.15691603610253,-80.13796119359937,-208.7444039763941,33.999688613718845,-40.21829927386202,9.345128775527344
0,-655.6814200973361,-66.19182078174003,16.2920288737316,-24.18542296741629,24.81638118109144,-14.119878169303448
1,748.2480707188661,96.53522087252952,39.781795356183565,93.28889078199313,104.9955381828227,128.18503150915262
0,936.1172631325122,-169.79908775684365,36.23086891235612,-34.17913605644873,-8.114465128987662,-6.7128741036439745
0,-57.62551824354711,-21.88088898532269,-261.3871409955623,-26.237209068326035,-93.70839716624603,-74.75665577114124
1,769.9251790712839,-211.75378683822413,-61.37433668023209,-38.56355505806741,-57.77386692549736,-4.012397989636112
1,194.59716209011776,-87.05701268132066,-73.82641361353,-3.1654769169106682,-16.469508856921006,-6.629559269505387
1,-323.1917214270626,37.266469232179446,81.08918740785248,-46.434824718837326,-26.22865176120991,0.465320902479369
1,538.729342202339,-46.960149233975685,-7.378640818149393,-16.25630376561769,-34.644163757840694,7.15680699199896
0,-226.23660833545262,-88.52141902106278,45.94462077946784,-15.765929588529453,18.39412411842955,-2.7868739038178996
1,-532.7232222254295,-16.484796735115694,-52.6207941933511,-8.80642201512002,4.287378706831386,-9.481518742726623
0,-243.62020519911945,-29.44134944996492,40.68965084223766,-31.90001261023961,-7.583475928037776,-28.668827856678057
1,170.14721006604935,-115.82146817953657,-28.81948258749143,43.4543445242186,-21.644373048802596,-66.88868855383848
0,-58.76277896528449,12.45470141112389,-226.39649464675202,-199.82418525590282,106.98727342456505,-94.90044182598955
0,758.997171173776,-232.8200572627013,205.59635912236322,-83.29527370851434,175.80144739955944,155.42777186437368
1,-409.30381052033056,-50.011088273112485,-6.2728457664146,0.680029848427721,11.193679456322965,2.26385278990243
1,-508.7280531412637,-63.858977884541,-14.598016161892039,21.29894409588568,18.329847928326394,13.273516476193269
0,-532.9967919348461,350.88183071177303,29.41775399322551,-124.72298324765981,-84.85813191031683,148.24787452762132
1,-134.05445507186965,119.93654931034101,-240.6104468556155,-45.629394224726205,-44.0983583738667,41.45958655800672
1,-561.997756719473,34.378404794086,-34.41381415430027,7.779137991967607,19.97289162622777,-3.565272196934285
1,458.9541212364422,-131.31443026264336,157.34892768825793,-5.946481684234474,-33.57090047179193,-3.859368788941229
0,-595.5906329771464,79.4918656664655,-42.259646428325965,-19.818223560855923,-16.550270173449537,98.41191907059513
1,1063.896344262966,13.910672165122525,90.25231231889393,-58.82203370442685,-46.96799856036727,-58.42222248040134
1,274.1525256746,76.7470632693351,-131.07894176941542,-50.26393263379957,-122.72187471799825,-199.60930721046228
1,893.5943867964173,180.8796414237121,-102.7401946061233,88.14637372737515,-105.40840031683919,-37.86539028698009
0,-514.1617741630786,-48.204140336500416,3.9946853017708186,2.1801067013344015,5.690600496700147,14.821916157820638
1,-436.8205947066634,-33.99291492532923,10.60930651764435,18.495843821432477,32.711564090481296,19.71781028568973
0,-37.246849075709214,-134.53911356675658,-0.5125286585741625,18.252258285691255,6.750568772283984,0.5872432522586803
1,-268.3357384877367,3.7610034118002758,68.57039785142177,-11.161614488561595,-3.911388627346673,5.088070663183568
0,61.41617573693945,20.870471923947292,523.7712593699736,-9.951543365413368,-97.7287903008175,-38.96733283417278
1,1054.7567367072081,-36.757968685983464,261.1437385141223,-93.93566488189745,-124.7304950825389,-61.55239919684995
0,-16.462418595342378,-118.75281486743965,-42.03798410500107,3.6075699363202713,-31.106883050726076,-6.408620621389821
1,136.4743071332299,-78.2991623931249,-9.843887056463776,-0.7468707567467255,-7.750279422246634,9.053686459382336
0,-311.61105175102176,407.4696983835309,-89.82698087433396,-31.46088303565699,-81.42611033012473,64.412433861869
0,-524.475148104194,131.23326377906633,-230.41668459327178,105.92380209897262,-89.2725323573018,-22.64413793057383
0,405.19386006003975,-115.60277709813279,-155.7032222315624,-26.31216371514528,-47.232484129416534,-14.936115958864312
0,-3.246562373973688,177.64190859278565,-249.1860136705454,-6.55066787772569,-76.78038768458941,-34.861721443811625
1,1174.149008829446,188.73182827107365,-392.06854660532395,-152.07549819090855,121.70318994718251,122.8192532779428
0,81.6813138315256,-41.64410173884015,147.33631033285155,4.6413488144770945,20.543996045414804,-11.766646877319278
0,-702.3737348202516,-5.753045513902263,63.10895319779691,-56.633774788467015,18.62119462324146,27.471177427439983
1,-3.412894250488451,87.16582821820916,-278.3620282259866,37.84175558917955,-105.61595240559254,-43.697322079896296
0,-417.16522707177114,-121.7783222055337,18.799092638956616,-17.931689287724492,31.33250679375258,-17.693263689769022
0,706.7597796582544,-218.8969893636393,-54.927572806315524,-229.64249946503423,90.25600706572435,-53.158985706101674
0,973.7361281370617,53.81474702556975,-136.7600626972261,-58.00297285420031,-57.786402181926086,16.701404645106283
1,-427.45310316372655,-15.968448200876828,57.51124154861486,6.909219363255856,17.174481538555877,4.48579575739682
0,-219.3993991029541,-80.23986781137599,106.63039173635481,-93.39501781131011,0.5604985415391852,-1.8656893035098452
1,408.3003801699315,120.4922033924627,294.4414891372156,26.845920988749555,-4.73473960011654,-7.626862768820383
0,-432.28602044733384,-136.64433983806956,-39.69337470072321,-63.603243658428255,-59.376847789561204,3.778087519131847
1,619.6683293744534,-148.51086454739968,66.6194739755169,7.892630581036839,-39.380543387589825,20.224962602336944
0,-924.905391574297,-33.50612657098205,-17.35205474093561,-8.282999093509167,38.99125552834138,4.386041225336537
0,332.3300625416499,-22.943163502588956,-237.18670125705532,-2.3294045964263685,66.54224398137886,97.29589564855182
1,-448.3420193089509,139.31294681747983,-61.43788555364613,22.250910735135886,-1.090431926484706,17.49692230471002
0,-573.5927139611485,31.312557011757654,-13.308520114025637,19.683471905779317,31.086263652345796,9.963063466496306
1,215.3905884680635,-138.08301501208857,-58.27036370649876,-58.680687386772625,-61.06730041511617,59.705775052647276
0,-338.2356931890617,282.5901058401906,81.18032675492354,-127.8517856631657,159.19426426392954,-184.34709596854856
1,907.9622837131901,29.121634684621867,127.17832368276534,2.366248251191273,-10.276715044649247,19.308392553224557
1,-332.2198676738341,-92.90038894939336,88.79172704271106,-62.61471565984243,47.35664167487718,23.44189138281413
1,177.63025937068238,-166.15669518343546,-98.02304232498487,-23.84878091263507,-22.679883853823377,41.68136498763979
1,327.8761289219174,-93.6087154327784,-134.42204544643266,0.6413427950983179,-119.45312055213941,-73.80765503155726
1,255.81833679238645,110.38289760724042,203.77085544332144,-117.51220013360738,-57.236221518946245,-4.470694179403911
0,-356.3393231364311,-72.49070606803838,-74.70127269992483,28.912498463472655,33.34310821595211,-5.660348431629419
1,-48.712140726116445,-151.19877694470406,34.58133514392732,-8.808991299785031,21.876656782917678,-2.591739344742389
1,-41.439575282409855,-99.30642568426103,-9.730088521813183,9.303055819000946,7.157406465641299,-1.9295319170189802
1,-416.7325753650961,256.876731956479,-24.810331731840915,2.9167299241919222,-76.91308907774105,159.06264138250575
0,-419.9873986358717,-21.5870011111031,-138.1543078891209,21.16160036632493,6.402473972542891,-21.19872959277308
1,-444.4284268247624,193.36110024854665,-19.812440646951636,2.8592922075046396,-51.83401845390324,78.0603292060096
1,880.9356351485443,456.66694291173434,13.189382478114315,-77.80294797536308,-19.26871902122787,2.199426152298558
0,-8.162745202306061,77.77890320769323,344.87690581509713,138.57807477834913,27.777765493780656,69.12985354403358
0,-680.5568489243229,274.76400183686263,143.8155151516937,-93.66802111272426,-54.034204232622685,62.50291599659485
0,430.0107346784886,201.0814999839992,-22.151339425605187,171.6336287105548,184.690653553101,-32.663713612837576
0,-223.23698685294465,-60.080544563682054,27.812819303363558,-17.886478348375036,19.785325961523558,7.546722997826318
0,-710.4392610369675,-67.56645006009943,45.44330254997191,-20.686125975183597,-73.65037073503144,-55.95455969161782
0,-578.9059796005668,-48.78610102390593,73.425596866622,5.004577326148812,9.275785538143023,-37.323081694625095
1,404.88548346422874,316.1615632787573,108.39954110881135,-28.904221349531987,-125.36673815733765,132.83288080351926
0,-239.17961334815504,-35.13133936913828,-51.668003117580206,-48.202847806251675,14.819749090005779,-42.69615823091344
1,232.9422573144286,-125.31874620733707,261.66914290233564,100.56368389990402,-44.967533366508675,-72.91230871040258
0,-201.19874508095128,-3.5082807702129952,-71.40685395931013,-80.80244485860054,-25.331953166238772,19.975951016726686
0,401.20379217246875,115.71348810008813,-52.73596018349102,103.87342899027072,7.244807461046849,-100.96089943831065
0,-688.6976584921907,-116.10171491337383,24.638930502976184,-21.95214671453853,19.911294931874508,11.913620295220804
0,-407.9064485544275,411.26012284181337,-96.68878705762488,-2.0122271103301355,-75.47594391187589,-42.946361853474556
0,-553.6471889477986,-126.29007717799946,143.16514961017788,58.15022873637743,-5.4384935599186415,-8.892664493282455
1,-328.60847914206545,243.84200642947812,186.7899693049233,-159.18842119466328,-91.96957333874818,106.07341338437679
0,-17.365877875011208,-50.36481213950691,112.51337462010282,83.89706277121944,-29.90310249466198,33.59161408078737
0,-43.32952705927676,-55.87873132204971,-16.111023487448573,-35.52591668902023,-10.607548087107915,-37.30259063715269
1,-120.84887456848858,-139.4125114766017,-24.08260615209202,58.04714422102023,-14.693429919606034,28.309846357867364
1,67.25728630300117,359.1480100279912,-75.42733026562024,-33.21685829138972,37.82877563224865,-103.47675901003025
0,1.1188973178676458,69.48026738169156,-192.71669815767174,31.39744966263686,-110.85236321938052,-13.921270309602127
0,-625.6241513699358,56.431544121911266,126.30578672820889,-42.43913726386465,-18.408838467054924,-0.9469555125947193
1,664.0704061632866,-116.71490997342049,-341.37616666640406,-109.04756397593617,-158.2278923530571,-96.05413194380719
0,852.8789091938579,-152.88740723537543,-93.74421459235494,20.74554779754295,144.46267455724958,-111.74137283240377
0,271.33028004246063,294.94178936810573,-41.82675315365539,6.152320697212055,-95.65990184995695,91.93541240136675
0,-47.71160446720417,-83.45439723413678,-49.15658004325815,26.91269346309891,33.34831756841621,-37.57118159474181
1,345.0774930334821,-50.48438538559622,-45.43879287821648,1.1481249497689228,-14.730343725459019,6.952872767497087
1,-175.47783899097988,-122.81669690296395,52.51522116351084,-3.3646676332827288,-2.8250310030893466,22.172009497470604
1,317.65478528164186,-80.688427845845,20.47331555327486,-11.067313535547797,-24.04438242784112,5.825724828291083
1,1307.567188899415,202.51294641895913,16.7444085873092,43.75063159038402,38.903803554695926,-86.2026084367248
1,-302.69213651484847,-61.928472659079446,-61.70161128838365,21.226058692058878,-17.814953577769003,-20.556351960346372
1,-148.73772352781464,-51.06734253024194,-52.13792473449719,-70.25599894712883,7.783855089292852,-10.446597268199792
0,10.66627179553943,-63.26524314467682,349.2073991582854,6.267424043867508,-124.50393172877585,-131.33759829631424
0,-836.1742075951856,119.70251120196627,-1.9240449307748566,-22.124856531727584,-7.007162337670718,64.16903071428445
1,442.96836010775024,95.5652212061036,-121.70616936565801,-4.813884174592611,145.16699490582658,-12.570380045225589
0,-2.5283895522110416,-116.76240152594504,-86.74604214832924,-38.98315389994592,-13.2455988047837,-0.08488175644328373
1,-393.55305395812525,-10.397080743314955,-42.02941080480711,-17.757192781658016,25.023709913594097,-3.4828056364629574
0,203.406040862332,-157.41132246688505,5.223715894995563,21.835825305611284,-13.267982002052003,43.74792773815051
1,-522.4582424676909,-42.62755056401116,0.4109140674358877,-31.460583407199167,-0.741293534926532,32.66137649850748
0,-407.94022598308095,326.0602897491631,18.503907420538237,-56.835815075684515,-63.03368188553221,96.4120902299716
0,-186.17714035085038,199.55187342974347,104.62598558215082,-229.3551756072528,40.13245209688331,-22.234811635715953
1,719.3906157163817,-60.37509398508528,52.77049184401541,31.85309662484681,-55.018389602850434,68.1453085890733
0,398.6980045381789,472.01306422031297,111.35266281073203,106.84431515374487,-11.479425150550913,53.849453433624355
1,-470.8067000315544,-56.29688394601565,-68.55295771120471,15.806902968943197,4.767160510940225,-8.772781228614907
0,-349.2795161771762,-96.35134356489901,-4.6122660248349545,39.320355175664766,22.15880755401262,-15.253683231562734
1,477.5296599413741,-129.30812891834415,65.51320857355539,32.784542546534915,-28.401445520119943,6.744511168006477
1,47.29883643410791,-16.631947710394265,-181.14098773247937,-25.60227502259465,-19.59009968907493,3.2703435744886176
1,-172.47492551885296,-111.35220145049698,-5.641737046127405,34.95234804077562,41.56975064241518,29.00817953096137
0,-610.5438637415887,-76.3873864999216,-106.50973600013985,24.090876461912774,30.6010801099767,-26.320978828613168
0,-357.0816216718806,-60.184878599343776,-16.16261154303537,-14.929192312046391,30.91878300465321,19.51305754396207
0,-224.66650810948138,-318.9055557971319,-68.1376094842763,101.52573812222468,-10.276246193624928,34.72617914873975
0,-157.14115212170995,67.15109939656274,-225.16936290780149,117.28238314395091,-53.77611724550231,-57.67855222774551
1,-533.1889683344884,-31.554249955431125,84.08987494552245,21.265395516766414,37.56923141783566,6.480854593105715
0,-508.5478646199917,-95.52213299266008,104.92593256666524,-21.76500742839194,-14.679030426725259,-1.5357002253686687
0,-485.5984436710398,-74.02024695249213,-0.533492848243088,16.167799418465844,22.021836137564147,1.27977047333055
1,-515.462148325571,56.92965042478742,-41.14089044608212,21.604437861643625,19.75437156615966,0.955399701927651
0,-194.4750923502153,-95.61552382375403,-4.270736684314302,23.031999624713134,28.4084294578777,-26.751740787986105
1,12.144951721460878,-38.84404313325308,-188.68569944436783,-72.21414070737613,17.281124536004903,42.98614673277724
1,343.26336326902594,-64.4254895706246,-228.7391984643262,-42.554025872752696,-54.137156891149964,-41.44807492405898
0,258.65783289225726,-84.17649680144027,45.37305186078847,53.96753912679703,83.4760415933011,46.78816013387789
0,276.6357221036439,-4.7407183616513455,-109.4382032882846,-244.0079851402633,80.13973005283248,22.94107048637853
0,-635.1347913395697,-18.9591190299747,9.568092442153974,-29.57818930406313,87.89742939139028,-85.03809714540388
0,-263.40048083082337,299.9317742456995,-224.44647086867786,32.53167470738325,173.13429963876214,0.8723715963485467
1,371.6911373202993,-205.87742044835332,-31.66509213441233,1.0333988517118728,19.396769853767577,64.5736991274106
1,413.50262221949225,-133.3710815165629,1.371707226236038,-19.298112395807046,-59.125359316319866,91.54527937613373
0,405.38342065040746,-72.81722392415304,217.14248120450955,-1.864248768351155,18.791656327170678,76.83490551861138
0,-415.84138010157346,-18.8867920818613,-316.4717189609254,-0.13588129841263444,-123.1659878251024,-94.42151845864035
1,983.2013681675382,-104.61488046104006,39.468690267266034,141.76940864961125,-25.43457895632944,31.795331284816715
0,966.2330373360803,30.42584907088272,221.06327122704337,205.3875604513279,99.60022938535248,126.32036143882378
1,998.2781372476963,-24.554016589150162,59.35647245951504,33.81730209987931,-24.494902152088372,-16.90862180200831
1,-182.0940748141668,350.20416222799776,-2.06695760792996,-38.78198688043595,-84.62113104738175,118.44300286975158
0,13.23634547877797,263.41753392227565,108.7810399538111,-42.53373090543484,0.5629510030621766,-0.9333777304853795
0,-147.53812957558588,-99.5583827368973,101.80883484406375,-24.444906137276607,40.79216285510332,-26.674694228173117
0,-45.23879077633828,189.44904014413225,-442.45204195744805,108.36561798592113,-165.21269749689955,-7.509907673183778
0,-438.11595407587987,34.8999089720617,-177.64995967457335,168.0835035719161,-126.29140977091843,-67.87530095247587
0,882.8851527356611,-139.2692343644422,-178.3362864087141,-10.915930863340865,225.04073951522778,120.58265873510567
0,-398.5540825267978,-136.44573914908915,-64.1544640639387,-100.67202379299039,29.97423626003946,11.445892466072817
1,160.72086816828548,-73.34910573301207,-33.95342763405839,-29.710680733848186,-21.46958922682811,17.40463345596498
0,-793.177949217988,-68.9317773241723,44.43197436139831,41.87320947391873,19.039378313624375,17.081542880352067
0,234.8072446557008,-142.11242563428684,107.7532736093295,25.105802839096718,-32.225928251345856,-33.60311366533029
0,729.4646299362953,145.7340355918468,219.31460169296903,-149.091184906042,158.79972201955746,71.31083404379915
0,-395.05137705164276,-137.3646599426291,-39.54518833769295,-1.7162467626436184,47.71073391030964,-17.76948324406139
1,344.37098107293195,11.466616995741482,115.56502381097148,-45.24707271013314,111.50000644821284,-91.10398209587326
0,806.7671814643985,-135.93893808516435,-135.7120793833005,-208.8864189900731,124.67187825292328,14.57645093806081
0,-916.4716434603318,0.3226864001174549,9.974683790188656,25.966250864879402,23.001939080049823,6.1696413194250574
1,349.24314787651747,175.62449076375833,-95.6451558395982,295.28944371356823,114.19714291153966,72.4535320389746
1,58.858125438785635,-98.08247218664395,-49.43064698639696,2.5806962941655778,6.970925562385674,-24.798513856550027
0,-455.4521380959936,-65.85528352076145,32.57113960891169,2.672611461156833,27.896396873661473,-6.452885584746424
1,1187.2162836544264,-115.92365745633174,-356.55511786060737,56.46293464127442,-19.051487543928804,39.016474902660256
1,133.66217419962956,-113.18162727133101,-7.614284179437011,-20.529141097905352,-2.8071149303758105,-5.216545504709262
0,-798.5747856652987,-43.95879710541518,-70.81543237113712,16.30652135507797,18.25301770855584,-5.060030815310279
1,363.5760461519425,-92.81558951404718,-20.91281329347705,-4.153950548689838,-5.758659625769376,6.711666913226473
1,567.066721076508,180.51740209195083,150.26470584762015,34.956896691408666,5.573667788203195,36.104182046269855
1,-186.45087344959757,188.65315083237414,65.09984178032767,40.34485430749494,2.204483572138059,44.936616334106596
1,434.1902966632504,380.82070575815726,173.8029507858363,11.131865096829445,-13.695268426525432,12.397417267823844
1,52.878347129636225,-73.83402360212287,0.48205818098211256,-3.3930295727572,1.5058578216551546,3.4196086620462887
1,-576.7959856985141,-28.50106198064531,-13.253414912452733,-19.62755159120198,6.370262310479006,15.930008165122699
1,202.62206734841467,-91.93141061700368,31.01895081744501,-20.80978786266294,-23.152635267388348,-14.823705113311114
1,313.9994596074587,15.047187910199609,-64.5780288817468,-2.655888162520615,-46.13263694170616,-2.360634337148151
1,320.13600421416936,11.30209751254989,-7.588055630984469,46.20130719420915,-8.90443562124121,-62.25681168528708
0,-755.8183919745085,17.836848433040696,28.515031052492592,13.922535165291618,22.707526613819194,-11.175474275853109
0,-416.89479291708165,293.0715181526105,106.45190422083924,42.25007149217454,-2.2304590753455873,-66.15485463577433
1,187.81513029770082,73.93105991689583,293.6809285117065,-42.93441663079379,36.89014084622853,-13.798828119128787
0,-257.3324212122106,-146.5044661131005,2.766679514836719,1.0038216015244128,4.251072376172368,-17.463683539317756
0,-797.3986962194081,-104.2110831402593,23.41345539125077,24.216309734472244,39.83107581243406,-10.254626459533338
0,-67.27792532189966,-10.137069429025287,177.2694442868546,11.924998684321308,-20.372321085342087,26.24102322246532
1,-523.5687774285187,31.54251865228177,67.70720953122881,3.2428313863841036,7.977509651000846,-6.351385174124923
1,-399.9390930488186,-90.18110513399454,-28.180029216478996,4.035182770909033,14.180000910929962,-2.741761831783225
0,-1008.219454050639,13.763937927262432,7.958886111933573,-8.613298610133707,60.44560316030319,-10.95805876154311
0,-210.97075073777918,-62.89162711759335,-85.76691956328162,-10.183836728299763,-9.513383649127812,-10.00162666433451
1,-245.76380368622816,-90.01871846338199,-3.7606771981114675,-2.7093310573098743,9.197466230344578,4.792453910450616
0,-365.96467998206447,33.92984095156832,-208.11195870890228,-109.45421041204375,59.5165774557483,-14.625173100612674
1,-371.35739351709043,-27.58760172022913,-53.35145883457534,-8.456706634645938,31.58084435868147,4.199975401256174
1,558.9487839617096,-320.7090285317731,-124.52412942266423,-120.04940214302235,76.11674873354492,20.46013007157411
0,1042.5010389265424,-228.323412536368,7.1100411074881436,-87.03799679285531,27.197060021630996,-51.337651287595996
1,-43.41893419631706,258.16756019736414,-112.4851706072119,-183.23760918628383,2.220747483635575,129.35146914244834
1,255.61439612456698,-75.89227707263429,0.7738312445407812,-5.702299430186734,-20.945447573922845,-14.02956073753788
1,-415.3703659874215,-135.21647607142063,-1.1261733508054346,-7.130248772366396,-28.705357244610195,4.061410177626731
1,261.1867913240111,-86.0896767154338,-200.12807182575685,-81.99036423072333,76.44803147734937,56.44099599151936
0,-468.891359805783,-108.85749305366105,-23.747957250383244,39.41714567643629,7.802666188077144,54.37537297649871
0,-167.28009687354458,385.750763825368,280.6842467203606,39.582155969438936,4.099819219624127,-19.386963569718535
1,-388.7986052645443,-69.57709483792831,10.878317769029122,7.912726652682335,21.88738626521421,-11.923071111481441
1,-666.004168646913,-1.4511964874109555,-19.940416604494114,15.13596867042025,19.02569664731589,-13.56031088421952
1,404.3387099793073,-105.6799309781353,31.0213221582212,23.609129832850467,-30.568772034908044,3.1641779699243657
1,419.23355363314454,453.0551150619206,197.7582277781864,144.70386200842384,83.62165953611185,-151.1450380128964
1,210.74584833258612,-44.16679919159383,-144.5438757574135,4.904626480349177,-7.232224965492993,-12.909985883077814
0,-58.530411745125285,-81.18263639600593,60.407636026000844,-8.57321809790504,-26.374938231700728,-1.0628379039161482
0,569.032634132174,-95.7828245135646,15.64116889145019,66.79055666248638,-15.421984240753263,-26.659356685645044
1,-274.7662008496981,-29.56437924646318,191.6490299938843,-71.75877147194281,-39.27913523788416,-25.39203480832867
1,130.92708804356158,-100.30146486923056,10.093000179322768,6.019239322524734,-9.454294521006528,2.5110468775909114
1,886.262066133324,259.6982406365439,-170.9604025383979,3.7035779429788835,44.313613976054626,-169.36678317016282
1,-121.00713985514645,-125.28237522008062,-49.5725232053817,-28.182974543583263,6.465880715018239,7.196974020742189
0,941.4125607515215,-0.35183177367603735,-164.59778768140617,-30.5851337731225,-62.686276388359275,14.049622653585159
1,184.29340672447066,156.46324077884998,-56.582683223057415,-80.67147330734531,-172.7617027887106,-14.905446838327991
1,146.83756065897467,16.793436182079187,165.9511987704749,2.6557829598980502,-33.25193039161124,10.639721409002194
0,-123.78597909382212,89.18151440345807,365.6268718485681,-96.93249042752073,-102.79849583453918,-72.73769500847106
1,263.15742935662655,-39.04364693718445,359.12062715412895,31.871643535882335,-78.6700114920818,-32.54038747565438
0,-77.76453525148685,-39.626603940547184,-66.59487171218628,2.712855810693824,-70.57674613370612,22.23159490113879
0,-613.0325370689109,-94.68322374158828,57.38564827369254,-27.517747868444058,5.313540936626882,-16.533137787590036
0,-399.01907644993554,177.41678784755948,-12.301433196247181,184.44992198627355,80.79086631390236,-101.91569996262812
1,-14.648496326265258,-89.36167742170792,3.0576863891506685,-4.286307639346588,-18.5864587280328,-3.6985264914597327
0,490.93820052660965,26.43765999812911,-216.7764599391887,-9.454999379188234,95.33051361783788,58.41743166469825
1,611.5083748017945,36.98941698189154,-130.5235718164925,37.50142068501738,-82.79335278511813,-62.65331740812481
0,320.6658553439785,-43.629783363518875,3.498762614114829,13.729992639238539,0.08667638502539388,-29.890713597781897
0,194.78047334067261,56.801894031170384,-317.8881048407294,-268.0334966665526,122.24097825094225,-68.66684306618428
0,104.45853903173087,-111.76194381937216,-32.57185090790989,-4.485793376347011,0.44791542969329734,-5.981787226775572
0,-247.75171728628365,468.7494774848599,188.48894460526265,-23.090064568595057,-14.150356911573596,-48.86391767077006
1,-438.95627919010934,-22.161486494134273,-81.0711938585042,-31.905602953753245,33.15209457900683,16.465786531159118
0,-731.7454113374957,-48.70700097541182,-81.95025528582681,-15.48785747219445,31.18266732452411,2.143895058937937
1,419.6935707935073,-125.92681398089087,134.71237464958494,-21.918614474697982,2.833861810424583,-108.12137386143601
1,23.149737750309228,259.9460820754755,74.18012224962456,-42.45780542319202,-56.60045578304872,51.61968423040154
1,-128.9706227192924,-88.15341225874194,52.495937770781644,8.001030609521614,0.7025618669869503,-20.056742408022732
0,-185.7569990063807,-130.35891765300116,39.704900120076054,23.28742049398466,0.10470482265907864,-11.007538017120122
0,146.83294028528553,496.3842557098352,93.0126463182911,5.78893608611893,206.53664881255617,-241.9387849353651
0,-599.4841733095083,62.65422271476308,237.41701800381568,-42.83623514437082,-36.5141387053967,-72.55986251375283
0,1124.08501063613,-247.09762044565574,149.7411748045953,-80.91358825695879,-7.751881260686619,-14.84000502333935
1,192.31988936000522,-83.54700008781955,48.44513650838482,24.151865593714536,-14.110331507990525,-62.66414914593973
1,76.66510411522606,-104.82548713699242,33.05217786993243,-19.167598070360558,10.340649228396591,0.226262930407488
0,-671.30129887241,-54.38609714363181,121.90443483645964,12.65776875473544,-10.664588348351785,14.957085836842374
1,-90.31734351228,-61.983834226663,-80.14580473935636,-8.246843002571119,20.33778738922605,12.130978902915311
0,154.30032946431038,181.1856286396685,-474.4501083692995,89.74245585470038,-135.005466802314,11.025408253377993
1,238.3255905922032,-130.08643771006626,26.634767667148477,-51.62547121042469,20.448931367581846,-11.8771667183923
1,-212.48200852798863,123.04106558058689,-29.732300822346176,-46.48458531678131,-35.8400119205116,41.2685052704002
1,155.5755160192639,-43.273127007101415,138.796683559613,5.119841283828371,19.128835028892933,70.21238932179614
0,53.267263568611064,-88.24756325258566,-170.4795082355486,14.587280898359861,-21.444852588821874,-7.860240765542245
1,692.7374036395296,-122.59602345659451,85.9982240549432,22.86597234048373,-39.13732538216443,-11.040894786521283
0,129.9866849964449,-72.33601948892095,-36.39911118840053,-29.95663695049733,1.9786041379489043,72.40321342980572
1,570.0369047023661,-137.75859984680977,24.97725260327632,-19.861103139813892,-47.11921577387957,45.089083571261334
0,-265.63460792040127,-144.5528687033793,-39.744807798118124,15.859510853695086,19.19336003145149,-5.200701167849378
0,206.15488730570232,-191.30811611892292,71.46631341564212,78.92853377044192,134.273934618465,-14.427599093454955
1,-176.11145238729677,308.123187165168,136.25632961892268,-93.614639770914,-74.52616063615663,120.72459969012928
1,-29.0428995884141,-103.31257832731708,26.16798394226052,24.842207597943773,5.896944492565312,-11.437247685781575
1,686.2819924026338,-170.98465831718283,90.35011714983365,58.623047736702084,-96.31593026875633,35.04886885573773
0,-207.28495339593752,56.46735596757576,93.51749120717591,-30.605644059126675,-37.82488227685362,4.235777242957419
0,-628.8144632922065,79.722307803246,-2.303022734454848,-10.268882090354904,-1.477522496977272,38.93677599533621
0,106.31573300851271,-1.8676689085982987,-172.9700483490288,40.02417566776194,84.78384046323508,63.28641696103158
1,63.35623777512412,-86.72344303799397,25.09092067091356,2.0828623937248434,5.025442890833245,-28.474505065364948
1,-101.9088826642069,-93.94501079998577,14.543496412486029,22.219365757769957,31.185011494068057,1.289952780191376
1,326.37072792725814,-113.4446722621834,-32.00734175672144,-25.663607455721266,-20.946194563748723,-20.734809643996712
1,-4.13172144445648,-58.26859348778501,-96.44368784886684,-4.283604122032781,23.10496300609876,30.797675705287453
1,1056.9538245542624,138.0609963869585,247.77102027830358,-35.846323961903046,62.14927600702702,80.04353588531548
0,142.81354445410926,371.0645951569676,-247.5884525919769,20.82149702036844,122.1331312604719,-191.4465676544747
1,-108.10988453733268,190.85334131322716,-244.54185739757364,125.41885724639073,-105.19603663931245,55.39545879964885
1,1080.782113180484,54.93717387708297,207.8370243593089,-94.31649452463083,30.499693584061667,-94.55211853448597
1,-178.1285999618608,171.47718547224704,-190.4448536480851,117.50254910172029,-102.67445316173138,4.733732564825721
0,610.1620363337325,162.96404046771306,-200.1278524777755,389.61109524859677,198.44233100924805,-319.5631449580626
0,-780.5006688197203,-13.613146201030005,-34.272234004174855,4.003037084734427,38.97579808775253,-8.568576821550078
0,-196.41524269323918,409.4779190377803,122.32396619656926,18.10698253898584,67.36834247531137,-197.48555842335182
0,549.2222418103054,224.79916749081616,119.14907781532683,-29.33823686842149,-63.440611506543625,48.33201397026978
1,902.0049495729247,238.09378413096633,-24.330564227959158,-15.007024935934302,13.387610298459784,-109.91881297446788
1,520.855185171045,-128.06293171402416,-233.95062598618946,41.268298505769366,-118.27208108324447,-83.44657627844374
0,301.660282910779,75.48984423133177,-396.45511872463163,132.5606806275027,84.669480962959,129.94339856434453
1,846.9513348930086,-157.58500965097898,-196.84510090742305,-50.19535306534319,-65.90755989151023,-14.860602561237357
1,-625.6423967065041,2.383339818376606,-2.4368885956131208,15.243071014485038,37.38836503312904,-13.104449909737198
0,559.6540078494693,35.54854763448031,21.774722256875158,-156.2503798576197,45.009003085562554,-58.863177693967145
1,816.0088150752931,-0.5415292537173,180.53523590398032,-88.5227100418895,40.488026290523386,-38.45459671182153
0,-416.6609925715831,-101.10381947297527,153.66709744207483,42.973062831606626,-33.08842394941951,-15.246055112696585
1,943.4008578986474,-234.51259370274187,135.82831592737475,50.958232259042475,-66.64842118034535,9.452248355125407
0,56.41843676949806,579.6206594470609,-287.34068001826904,66.84004878764637,-128.48421749482736,108.5212959061475
1,-13.85332544355988,32.477461153015085,232.7894081134556,-112.08053644506958,-69.78292561985474,-29.80034273020369
0,-748.4748861799526,33.63919447351718,81.12904957075878,3.9123723505073476,20.156016808965877,-2.6901717629800963
1,56.782770790286456,-47.249236238217016,13.12277267795351,-0.5810273883563384,-7.07357774380395,-2.5712005111737217
0,-57.34776750990166,-69.45119928364622,-43.02973722649881,-25.76636784603786,-15.782278201218622,-12.894312215242829
0,-115.51297824499945,315.8942853708132,-462.596146626487,192.84260730254184,-175.29081654831276,25.530281101622588
1,-477.37545609409176,-81.21897996525671,-22.020022984562402,-12.832215503932394,11.55042406803392,-3.155583966619992
0,-367.8658411901608,12.125665234692498,193.9392917411467,-15.90709044645665,-19.465992626289506,9.51723917288037
1,419.985351751637,-125.15810740985431,-15.553730036551,-1.501192234166054,44.860004922411285,39.400065811759
0,-431.92904101020883,-190.76824112731265,-62.556245490057684,-9.344365137033959,-3.5631363375485545,4.674640976697038
0,292.26754548053003,-131.87257635663556,117.72223873583401,-14.160005532059246,-43.88712537926924,17.711460355010406
0,434.5664277743062,-12.873195742388708,289.4892130633254,152.57868313652241,49.97696256575736,71.88365547606813
0,-285.5684377626294,168.64877865522362,73.86025743796145,-35.23208297501175,-73.711545079217,77.5768773387447
0,96.21894933122339,309.52791306725203,457.09195103717246,-232.67303475474307,-84.49421375155852,-7.314419221762783
1,172.59431117721493,-64.25455545991997,62.13368696471116,137.78681153661634,41.03879583360494,18.85346231615436
0,12.227680888482036,220.38345746501895,-187.87968769436256,80.50552581313845,-149.81653086785292,-49.301470930782585
0,-835.9011873488832,20.330886857950507,-20.68018347711793,13.7198461714866,31.51207605783631,-9.809402570490104
0,-74.11202728000173,-109.67526785316632,-30.290065542500177,-4.462358725067382,5.801385641995463,16.9519382049229
1,-270.51568357342217,88.70959527490488,-8.692864467767624,-69.77193928306694,31.28750911533815,-14.629924603296427
1,403.8330193508073,-93.443482727866,186.96762917491444,49.805669354202614,60.328089508145986,56.06417556825582
1,-30.01195490861446,-63.33651866420649,-50.819058273715626,-12.22424123505979,-7.557681875903015,2.750609320129499
1,193.2568379406916,-4.089793070679079,87.27130801847495,40.306851088542686,-50.76926769798074,-28.80955066863731
0,-252.312658481174,5.408181059750083,228.80960555004768,106.78624747216527,1.580830754360756,-57.57883350075698
1,72.31172156317355,312.91722475707047,-33.15178208118886,97.34001605952318,197.0815778154735,-45.13966469826478
0,-684.5574968597897,-124.13323099360282,7.493871447283035,33.789719581875,-0.8471336864770869,-3.605384563933043
1,-260.77739047535,115.75058470386818,102.84583801364653,37.03983454643115,-8.788384977061638,-11.591647773236087
1,-441.5730343869492,-101.21516730005911,-53.57598448258218,22.619207849720006,11.220568638552558,5.751613080189414
1,19.133103332802598,-79.23474902419251,-19.811177394440712,-10.296321067411814,7.8325522849364555,-11.325670887894354
0,89.55234496493718,-135.27305883822467,52.6163377252755,-10.961227635134533,18.008890259222145,-17.31283491343759
1,-362.8586505149874,-24.192900410657042,8.720760658708608,-8.790116849721358,-2.723908582825096,14.998350622473673
1,-220.59887515965497,71.46241225546629,-179.05622545437475,95.5624135716432,-102.90666019113905,3.6513336784774144
0,-442.5992878198851,-3.674916548740846,18.572315414472783,31.942384080569088,-5.917317512932158,-17.296025579532053
1,-47.59409767737394,87.6641769200538,169.0307410976965,16.865223100583222,-80.39577881174284,22.68509974768539
0,59.698367184307486,-75.05943341363351,-32.21340007780751,-12.377505016501756,-1.4970235482262233,-9.742897975323592
0,-393.6802217649126,-20.586824731534136,35.21123912402128,-8.575797433745413,65.3068786598684,-45.68107124109723
0,635.2463049685266,-171.30213250848112,275.27629006992623,54.41538317125526,-65.72481431207105,24.520828170514505
1,-406.86192223112727,200.34996493218526,4.499844683587427,13.446537119732433,-77.8176295596945,131.8285076911197
0,126.75638931202434,-96.89530480437323,109.87839004404888,-0.3018598533612185,-26.62096716776213,-31.664971621260033
0,-10.802721951608449,-23.540187027195845,-122.25062461678934,51.78032620019168,-61.68231633534234,-16.644593381121016
1,-428.3644447600819,-20.285009510486567,40.748867537383504,8.260230562706065,29.39787318092786,8.573283652360303
0,-589.9841444176993,-45.76718033654944,28.340964249282084,18.695785263101328,15.675529599641974,-16.872572990663446
1,-519.3588869053207,-78.37049988868347,16.012106620217374,35.21601636078605,22.080249116485227,-2.983921214939222
1,255.77963819146444,-61.89228787008124,115.94397688271725,16.178822011374056,-51.30541407494553,0.8272656986694847
1,658.2195453036991,-123.07259859214899,11.593519298035005,-2.2636457573835322,-34.50647331640091,18.903990279864576
0,-247.7156386368112,-45.36467261408851,2.1985135172320938,18.032998450110806,9.651575773451182,0.6413904761260781
0,-417.68698959197917,83.01277674251837,69.43003524248246,-15.398072754100104,11.149806064178357,23.772669349919852
0,-486.00527469637956,-91.20390666048475,-20.887532112361768,-20.500507561589856,21.295095706192544,-3.659743546200973
0,-935.0500128087452,-48.66145599989194,-6.846801240214076,-15.231358586654343,42.89708524141625,10.575842680590108
0,-670.1071106643938,65.73744289386805,14.181154641194965,-16.11394353217259,23.052600265444774,21.578231387569627
0,-144.2804308687006,-96.00245600163643,144.97719714102433,61.915523214932485,-31.541234285120385,-22.998741558100967
0,-373.65362058363445,-162.9201507515527,11.730821783366865,-1.4666167093270042,23.092638353000805,-9.753806301265957
0,-591.6734652323455,-56.859835636263696,-58.62323462534708,-2.599206631347825,7.038804285408613,-12.73801201929458
1,463.0633800232325,184.80000570688074,211.13887715900842,221.9457580939108,56.652337051241496,-80.01123653241409
0,-285.9620475862478,-161.4610710286418,-136.37518563059336,25.28447736100196,8.799183095982974,-23.576398898929856
1,1224.221907222237,-83.48766188816391,106.00494526166034,3.2862572843482476,-45.43152205553564,-61.85470178933782
1,1092.0891170815055,38.41053468167068,244.62594406125646,186.05392986802977,64.05153689521502,7.495660735408903
1,431.38235428918705,122.06957595446552,265.68664277637765,40.897003049600904,-3.3763105399670033,28.259744101960848
0,-406.39318911846016,92.87326214514837,226.61407608609883,-55.89805761222121,-20.920509403885422,-21.184264842294642
1,-521.4192672500589,-16.754112693898385,11.549261808677642,17.001243553196478,29.983782308569317,6.558429155346332
1,-269.06773173040904,-92.55707573092796,-13.324495164587846,-0.7023885451762413,4.1826279143546925,-2.8196172147032263
0,-590.7592293931006,-20.14247510087546,-91.58696419853183,69.98753000904043,-1.2528130554954056,-65.4402516235394
0,-297.59560797500677,-206.43120162744643,-40.674295557559816,82.68426869090617,-15.864125931206328,66.80180986726705
1,527.3634080762073,486.22000700689534,168.28610876467187,0.8577966525224057,6.101097022399717,-111.29541537281234
0,215.32300024791485,-28.99446149597628,21.87265275949942,8.516740868579962,-10.664830664308257,-16.347696087387508
0,34.813872910088726,-96.37667875387355,-58.971707577544464,33.38396482135425,-17.306249138550307,22.134707416125583
1,-205.35996190972486,213.29668675842336,-65.60921662274629,137.96543815889925,-22.225024379102067,51.24219486777188
1,-43.87039215851705,-97.68423698057379,-26.405255118433026,-12.68087125849289,-24.3229400684119,7.872186245683693
0,-812.8627310331816,-13.980046418177368,52.40577645862706,9.591301403176606,47.72477246104618,-3.8608722608538777
1,8.281096254953823,-89.90675343051934,7.370005119825226,-3.90823267673178,16.067930615144565,-17.133842295539647
1,-409.0203195196971,-86.4545844596882,50.83134506699693,26.7405279871909,22.72323699550937,8.201321935097603
1,-253.7293687532375,-66.92454415000078,-52.25243663874137,-6.312588970809075,-7.50120379062474,0.5828350747871158
1,-314.94711787288736,-117.31737920310829,-35.45771406402769,-34.41527428284101,-16.045882432433295,-10.914566571569637
1,190.39579904119054,175.7223883304565,-127.4246838037156,-8.048279297355036,-89.25336051015441,68.47735234604423
0,-34.368433863371074,-131.00328719907114,17.670170075970542,0.9527274897427658,11.23746817868671,-21.99458940913921
1,635.1095579506734,-110.72722289657746,-16.07901365089858,48.481719819912435,-0.7608276752235397,13.57643338670828
1,741.6815110441538,-162.69493136312332,-88.74677005536132,-56.916659566340485,-49.82034113697088,1.9203694218477607
0,-932.2558800050858,-8.957751156434394,-50.574658130435566,8.25623982131852,29.96682401028868,-8.806411062495469
0,-682.5001453154276,-119.42533419560529,56.1614396602023,-15.210390219536144,26.07496228146313,11.124627697478772
0,525.6514154337403,156.15070243623882,-365.594228650935,15.176896316927039,-63.982564148279295,9.475662032636311
0,-236.48663311887918,105.39379929323317,62.418604546051846,15.22134880212804,-33.78502622113198,-1.7373568103267358
0,-478.0548905110915,53.399008112859015,-75.49994381095742,-6.5582525583297135,-5.804199099047795,-2.1367504865391003
1,-448.0979121633184,-3.4538722799542887,-33.45849496969093,9.729554413099065,15.617243069698732,6.908731375010709
0,-782.8330349077683,-55.03984519270799,-58.61631992454487,3.0414056373223195,38.43223672633507,1.4927828946446255
1,-354.20194316942656,110.14354142026403,30.92525141230305,-40.58501323147894,-14.380176043074155,52.30062525500906
0,-306.2853414309994,-83.35633809666335,-107.24750167842707,21.349514874684402,-12.745162350292217,-26.58915699687652
1,1017.0775007305303,-174.903972256854,164.30861654131326,16.00835291492644,-73.29652376393342,19.884289976071603
1,81.13689346991305,-33.88991271655763,-93.09129204598976,-73.9001710992804,-135.20983646543104,-88.0010055113578
0,9.091639072199559,278.0699826097143,14.616353440957013,-139.41801369006618,96.73971923369628,-207.62161220357348
1,-179.46352541007153,11.167189192874963,148.99839125100254,144.69671916057783,49.821073128006624,-12.491450677190143
1,-322.03505191454775,-68.56849896048362,-46.556012685044315,0.8871637820384893,10.807129407932655,-4.669434038988484
0,134.41093349672923,-128.60229344578974,9.564836478655172,-15.779448440042106,-15.977577901652435,9.011883785467825
1,267.55715641487143,-18.515320493752416,-128.17903014432858,75.26364555706965,-112.28967339744466,3.5702478103350073
1,-169.84321985808003,-17.068356643670903,-54.51226536579274,10.612029676502097,4.0722637824216,1.2666462549499957
1,-393.57900181575036,-25.735377802982235,-50.28652212266553,17.559203433458947,-3.4861894122546704,26.795442135864015
1,415.56539294811904,-65.45910664049853,12.934089235564874,5.7870910100734525,-28.686722945658044,15.899410617469998
1,355.8630817159321,-58.14780196620626,-18.845978125589365,5.099442396786186,-15.184556510321352,1.2199751528467795
1,1279.0213829968263,26.28945685843212,67.5994811322593,-103.53714073057178,23.246190780245072,15.802879736101204
1,-349.2609744861014,37.969779910266915,95.43416942901169,-33.96285705249459,-32.900225654466276,58.55986800202064
0,-376.5911137735846,-80.85054507841323,-183.6803545508105,-21.93028868729618,-63.31714970535831,-35.230939163620384
0,-246.42756446967624,-86.71729446542295,-31.357174940360906,-0.2695352502097899,-0.8673075589672032,-19.438868450723003
1,897.1854913761299,238.02824388792655,-90.59475305603206,-53.54090255837664,-29.778239128578907,-7.616849745769912
1,-191.5755636128939,-144.86682247729993,26.74739411227308,-35.38146462727259,-0.9320566788078886,2.2594395438555708
0,-343.17250190485134,-102.28890726540847,274.7156462675943,-73.18867906562788,-168.2436952643763,18.498366219264273
1,223.99316231341956,-207.5608370247997,106.37387779918573,-26.735629588455737,-131.25639195697246,-101.9874335786372
1,21.30288632501214,-61.033685599968884,-4.295434970046618,-9.90406831558098,10.22525097307943,-9.515902390461983
1,-266.2769863668071,-92.76464208742081,-1.5116795935993468,35.3209991246917,4.176330756693834,-15.204030746191604
1,-200.20079440664423,-106.91338235787897,43.01026703196328,14.439672549802163,-16.17787566693524,12.061724876996058
1,841.2103105066426,-96.53831639395244,-115.41399263623349,-134.94740068758827,57.32345725473656,17.983932138385004
1,-585.7250526491853,-15.325910357556783,32.906669118428646,-4.524374668765651,13.847362323696327,6.939038028566676
0,-195.16516640676514,-174.90874600526038,-143.8536196427102,-73.77075949012513,-37.12235891363386,-21.746435164774077
1,104.03512580088714,-49.57834859473632,56.11589595863262,36.69871508293318,-36.75055334909886,2.492553488737032
0,-295.0824944578024,-102.70939678727878,162.58843302866185,7.411029451694603,46.345333347577814,-108.29115720216461
1,523.1612100056209,149.9136514387678,81.33110189989951,-156.7874011820655,195.97525036384076,-49.900272499744
1,473.1827264008793,-30.655413842871294,-125.2648465095727,-18.104751215496783,-45.283213744859445,0.8103397906444231
0,241.23424256156542,268.9820196606653,66.0257123794982,-8.339200381022158,-55.897310510903594,40.15763967557171
0,-206.321020976018,339.13263661949105,-19.075380145044512,-150.91612535627766,52.170295913191936,105.27671697015506
0,-469.21019157407926,134.51306454698204,-274.99466878285176,-50.10525329539716,7.89799696764364,-57.16678882179695
0,1242.7013751809523,183.50796722718437,36.74027688620878,45.81638751102103,3.012194385786861,-25.713362930218757
0,-297.51392399877625,-78.26622890702373,7.508421457895848,6.5513625400779585,36.69660483595413,-17.029341642916823
0,-669.7173812254925,-94.86110561870142,6.281454215411403,67.11430787792793,-20.975116386504805,37.936689502081244
1,827.6247321027174,180.44066787246223,8.408511789449383,217.49434653493222,0.6331069328802337,-70.26737859341753
1,-0.2979855665258048,-34.683036266760574,-206.56621419716322,-25.68142112607794,-48.449100378386866,-30.764272493199815
0,-346.2997448306353,228.94448622886935,221.6553318049124,86.16220787918922,37.005039594125776,-95.60079777013111
0,-601.0432511868942,-111.23763537064127,-35.99284487496891,-24.481381039857812,27.251242208260944,-21.33692440506338
1,-268.15518562443157,-102.09105412050148,-0.5590926922372244,4.466991130374946,7.942824252291522,22.30193350123677
1,74.0679846894137,-76.87560790411621,-158.93425377212196,14.17917169276292,-81.77512625374344,-41.00053426411724
0,535.1556722232833,-115.52996272972344,90.10109730800696,33.548670551404854,-8.34368286083712,-27.66894258609847
0,149.58410472882704,-255.01107131504614,72.46683931969959,60.81059897381743,-14.981446622278746,-37.90145914862881
1,313.31678799176944,98.30874052422523,130.73571058715424,120.0217484226229,123.40668907944618,-51.01187229735009
0,-226.78478869903006,148.00165459304824,546.7465715796495,-234.9207064946374,-82.48396196319656,74.04355411401279
1,94.07882765827955,-124.43342254846998,-1.1778181650354278,54.1533817889849,27.51728458507546,-15.821399728923769
1,880.0677991265479,-67.79734891827792,-394.0285214901053,-41.14058087066193,-49.307952212204334,12.290396447391489
0,165.29822323157913,-113.31456317490135,112.63992257593607,8.866449645402046,-19.907036820352516,-12.896624806667718
0,533.5721693338063,-106.66879578761589,49.81754860749581,132.46560087153998,31.25075793878888,2.691797775575726
0,311.62851098653556,301.8983494938226,514.4042563263401,102.73079260168818,21.669316724830033,11.654801511325656
1,693.660101972828,87.077289224946,50.69004788099458,29.03325533638412,77.66948397955306,-7.945468287387727
0,137.57803336690367,-281.1936847036382,319.8414686835695,-67.83824907924571,90.71682812330242,36.35307177242103
1,-434.67983910141174,80.08601245548303,-1.4495370255244366,-19.58399651043606,5.497838367710609,1.6969780198116355
1,113.66778984136945,-69.20868462430404,-75.12175198481664,0.851509375777773,-2.171864996575774,-4.737610915039475
1,421.64391821975283,2.5648922464185664,325.0330762329864,36.39524682800875,-81.38695713226177,-12.598892834532155
1,370.3661059036715,187.9561144664996,-65.448264439207,184.74820302250743,200.9227770592283,23.198710685121586
0,-390.3559267257249,-44.435869452690106,18.63684305874646,-13.734944339049841,29.173261390683386,-1.2101654115437865
0,-211.98745197669612,-54.96969850062097,-77.31861383444364,26.791240690884944,1.964554270849849,-7.171537950923159
0,-473.449592746078,-158.18995947585978,15.31491920105318,-2.1110446880930893,64.54948392541937,-9.948027437616673
1,-290.7400417996802,-57.152984986286285,53.59188426568398,6.728821870484092,16.543348777730188,-1.2770971367692605
1,-277.51804778446154,-92.88848191741208,-41.333508323061196,-8.383716699293982,16.789531451551763,15.244192313527822
1,-476.46477759474254,-42.83566345369367,3.9622722610534753,3.559805381672444,10.02005705170457,-14.238030165443856
1,766.0282821883465,28.29607315756375,-38.37632420840809,-32.71763118435097,33.66434540356411,-1.8579087249047335
1,142.05068059445128,-107.1034997872858,3.8380826229091305,22.03002787388917,-6.587016623497136,-2.655922294191885
1,-64.94016235536924,294.94073504328986,-146.49893908444204,47.014883469161745,-98.40279858549422,55.848626369529
0,-327.2876245306677,17.46001105872811,-71.45663430746335,-40.819717352442716,-42.35236153876599,-7.9001479940976225
0,-509.5798617721601,-3.450445720697831,15.300392310028549,23.055647295232088,28.477848038792818,-3.921721333952249
1,-208.3887291212901,-42.701648110168904,98.66247347695594,13.841592451299492,8.706299926896937,-3.049202538486753
0,-652.431275426873,-2.812081106787541,26.865023201881165,2.9451376430059892,19.579146776410404,-11.122050749329484
0,197.71940873822834,50.73351641593512,98.56856549493708,27.792581217000414,-26.864132347123608,45.51830692769422
1,-252.55518359779953,-17.374937103660578,68.54532408344089,83.45179927360446,29.39069230644033,-29.89426474821823
1,113.9984002609582,-57.86325193304025,27.039812954496664,-10.102734353157537,5.529658990756004,-3.148206178268131
1,-302.22128794575946,-106.47773775874126,-88.19971861883683,-1.4497044587552876,17.92162188018075,29.610981594163167
0,-573.4406225450105,25.829630557535275,39.8693719921689,-20.45330286864309,13.80478451078405,-16.413955292959596
1,287.83728431593113,-60.923993912212545,80.98703503379001,-80.6591606668382,-90.37897950800412,-25.682611786095464
0,-103.19671891774074,35.6090606523729,233.0868500011507,-78.07356454398057,-65.46135145630006,-31.504193410157924
0,-685.8709143922586,-114.41864301380588,1.6427180791993452,22.662623891787074,22.626608589854786,-9.646744911419686
0,-266.2712924010848,-69.95346702440378,289.08662304111584,45.94635665369842,-46.970370120112385,-29.109593840377066
0,64.46319405960075,477.15108042986066,200.18714299576558,5.792030968535922,-74.671860240257,-10.222003129104188
0,1039.845786011551,44.90579331241951,98.44160231379817,-43.92714717086175,-37.897583832079434,-6.8835246325079975
1,22.323088759429513,-103.74968606008134,18.97508900412473,15.240991303539971,-12.41031606505094,12.87797318764213
0,-60.45954227445657,369.4303377084026,-114.69631745469512,-159.80273020332208,151.00099713959418,-136.81189671957551
1,-280.69834194129635,-67.95839709738861,78.91397975695888,12.61939147102563,20.000556213264602,-0.23417957353742244
1,-225.96669622694586,7.622839367298809,127.38281575755447,-24.78011290944053,-19.84795140035021,-9.16132124179057
1,-540.3940186723651,18.792580209006733,-45.89380382871701,5.173530625594838,16.47781291603456,-2.3353255995084616
1,-358.6332328435868,-0.8070539362501516,-24.490175389421843,-19.09596549799956,2.0512309844781456,-10.730699053374646
1,-199.94203259030496,377.1159684829127,173.81341635553503,-70.62154975820874,-82.97863529241931,92.47840176057713
1,161.13812917915962,-1.3077314068097832,-51.627630264127475,-6.597638001232502,108.07168687057121,76.76362335071315
0,38.071511086775544,-108.85445947053087,-25.114921080857666,-34.64876361066509,-9.681214986282836,-6.526298237021843
1,426.17965178772704,-77.42920455889906,-18.289245143358286,97.25164554694477,-50.539630205851715,14.511652259646468
1,-365.89055024993957,-54.094632909076694,-0.9573196700337132,-16.333236457208702,19.759719071318674,-11.561837571008965
1,-267.5396784692309,-53.27070582619564,-36.49356092502761,14.237938215802252,15.913703063369695,-0.1452339321137563
1,-354.1747091160356,101.48514589761177,-24.397741288348236,22.05233045319592,-14.202589624340012,17.332552599143476
1,-592.3600289172106,54.61538297152579,8.972979945181564,1.3025400989679958,27.10999748023357,2.8854060572793485
1,-230.36676499944036,-104.11041188403516,-48.048169869343766,9.200003834606719,-6.96773454877297,-21.884250774024657
0,-985.4560462530254,-19.607671327899336,-3.3015463518950625,20.191056379169698,41.813651539858384,-4.126884469890676
0,-437.89392354416924,271.1934050385508,-155.75340716241877,-36.78846669013245,28.121404152435822,-84.8674709638719
0,182.26216589053976,-179.29085856221033,146.19511390849092,156.52349250407056,75.91082756122005,72.5671601928452
0,455.72313351794054,260.49408264923227,168.23128603800143,-16.84963886366267,-51.58341487892081,13.632002296074871
1,428.2103085089948,-74.53025586801199,10.511919789284697,-16.789783368752946,-12.22616035584671,-10.414782363932899
0,165.89403263559203,23.173343208970277,-44.8678306839238,-93.20691195225663,203.47176658815889,298.6570669435439
0,-294.5316929843267,-40.753565263739496,1.467286100876291,-25.65441372266445,17.868561731282558,-19.996755405458593
1,-294.4143696581196,-65.61625377519307,-52.217944034936465,2.4624137847570515,-5.680421340318223,-2.1194208317719174
1,-97.21899161518431,-4.839700831845271,-114.26647444929198,10.92229437984506,-27.099879413543512,-15.605169133448491
1,-114.58242283239677,57.48742252494755,187.37680515330456,40.16791803710877,-42.48109115825828,21.00526858017861
0,-698.8391207228625,-65.5338821947481,34.70500205347602,11.066894178259933,38.91454462100805,-21.612517074766238
1,431.45512549310234,-17.50090206718777,-271.96785766871653,-87.74671673221911,-83.63452289261711,-100.30246710060844
0,-396.41630965509046,76.33533448661655,355.8407968805569,-20.871276892496947,-97.23145753219573,-42.97359533331627
0,-308.2531342379627,-107.62602132995134,-15.141882462486393,0.48934614300389745,10.354669681217018,-22.028513570685337
0,-192.72636828705402,194.24321827977388,5.622326045911554,175.4741221017603,-49.625460685527976,-23.583033280345905
1,-299.2346550895768,-75.11068572639408,12.33710559630316,-3.1035748494464745,12.69100605284985,18.759045046434018
0,-238.14293455740793,-115.07370806497968,-54.97626553503715,-48.69600598627844,64.24571126968064,-51.17590121255138
0,-619.1391723231092,-90.97271172183797,-18.431341791641728,-12.175577730325035,20.281522058110998,5.332153590413684
0,-392.3728451000669,-164.13456794511274,1.7359707041701578,-22.14080377228373,-37.83638522852837,29.01080787911348
1,189.21524948829747,220.319022070111,-407.4313554943181,77.22999781881359,-126.23674822532223,-42.14844921575384
1,423.1943216580293,92.85405251378693,-243.034548449948,-213.69424344791406,80.73608132211452,-100.59852078303149
1,-303.65779379874215,-46.578533709893236,6.0142688434337375,64.49575999502062,12.248155782346965,5.6719520518594075
0,88.11865577034844,-61.06157747549778,-31.761894107090974,-1.4272742263480591,11.631424588883608,26.908673349057878
1,-42.434992816735694,-65.3081455323,29.04126664125566,-7.232190029881706,0.07263775096687197,-19.928057113417356
1,236.11495681271245,-34.68106886318421,-85.95020053535059,-7.987017151789159,-16.517731113955506,-4.850995561080428
1,581.992211085937,-96.18791416112124,-268.015632624215,-105.1938610090821,124.48315847051502,93.93002506073108
1,-277.0126045971927,246.98676978550816,-29.768267211255324,-61.988710203458666,-40.43011970225552,123.78849804977287
1,965.832637008291,33.02040395988422,-140.2587271980427,-14.622731198001203,-37.888145822357146,26.57985220011602
0,358.0578960226149,-33.78028421826787,0.4063102307792977,81.21828913267474,55.99998072191079,58.23086264534788
1,18.100320242995224,-62.19290796725579,50.717406291169425,-19.844822575848823,9.11749236290443,0.7285002527702328
1,556.9708233080881,215.46236236279495,-86.38794472118853,-63.68038454822792,-91.17554465075095,24.260090131626235
